id,Line,Model,Name,category,Meso,Arda,Population,BuildTime,HP,defense,BuildCondition,Function,BuildStyle,BuildingKey,Ruid,vision
1,공통,model://67bf821f-159c-4593-a52a-c00766b69b94,세계수,본진,350,0,10,60,1500,2,없음,"스포아 생산, 자원 반납, 주변 영역 생성",스포아가 성장하며 소모,HQ,1305faa91b4c460f8164b8d9ab9e55ab,300
2,공통,model://bd23d10f-7195-4bb2-91e4-5f02fdafeff5,세계수의 뿌리,영역·인구,80,0,8,15,400,0,세계수,"주변에 모험가 건설 가능 영역 생성, 헤네시스/페리온/엘리니아/커닝시티 전초지로 변환",스포아가 성장하며 소모,Territory,62497e0c10b44871af86436013d779f8,250
3,헤네시스,model://2ef8aaf4-d0f0-45fb-b266-049c7da204f8,헤네시스 전초지,지역 거점,70,0,4,15,450,0,세계수의 뿌리,헤네시스 건물 건설 가능 영역 생성,스포아가 성장하며 소모,District,b356abbe3c254d1ea37cfa8e3df8442e,250
4,헤네시스,model://bff5fb06-f830-4e0c-a061-ff6186d98934,헤네시스 사냥터,생산,140,0,0,30,750,1,헤네시스 전초지,"주황버섯, 초록버섯, 뿔버섯, 파란버섯, 갑옷 버섯 생산",스포아가 성장하며 소모,Production,3c9426013fb44a939eaf2d0d5304d11f,225
5,헤네시스,model://eec4e34d-b542-471e-9f08-c3c27a35df14,헤네시스 무기점,업그레이드,120,0,0,25,650,1,헤네시스 사냥터,"버섯 계열 공격·방어 강화, 버섯 샹들리에 해금",스포아가 성장하며 소모,Upgrade,85e806afb52c4b879b591038c4b73032,225
6,헤네시스,model://17d383a6-bcda-4891-9b09-b70b7d8a0f58,버섯의 성,테크,180,8,0,35,700,1,"헤네시스 무기점,페리온 채석장",버섯 샹들리에 및 최종 강화 해금,스포아가 성장하며 소모,Tech,39f4c3eafdcf43d38c37e22503528bea,250
7,페리온,model://c0a7ff9d-73cd-4e4e-92e4-df790a89052e,페리온 전초지,지역 거점,100,0,4,18,500,0,헤네시스 사냥터,페리온 건물 건설 가능 영역 생성,스포아가 성장하며 소모,District,97f24f28614e473e88c90bfaf9fcef9f,250
8,페리온,model://3f6de518-42d3-49af-8b7a-7681bc8975c2,페리온 채석장,생산,170,4,0,35,850,1,페리온 전초지,"와일드 보어, 아이언 호그, 아이언 보어 생산",스포아가 성장하며 소모,Production,09e366ca66fa4ff38e79d87be674b48c,225
9,페리온,model://db322ee5-ccf6-483a-b9e7-357f562ebc10,전사의 성소,업그레이드,150,4,0,30,700,1,페리온 채석장,"보어 계열 공격·방어 강화, 파이어 보어 해금",스포아가 성장하며 소모,Upgrade,5495a277f14246fb97006d32220ec215,225
10,엘리니아,model://8382e394-eb49-4c86-8f70-2214998a6b1f,엘리니아 전초지,지역 거점,100,0,4,18,450,0,헤네시스 사냥터,엘리니아 건물 건설 가능 영역 생성,스포아가 성장하며 소모,District,5cdfe682b2e64c4184420143154e26b0,250
11,엘리니아,model://1211c103-c9c0-4d61-a749-2ac8c3e24bd5,요정의 숲,생산,170,4,0,35,750,1,엘리니아 전초지,"페어리, 이블아이, 콜드아이, 커즈아이 생산",스포아가 성장하며 소모,Production,ef325b3207c6480b853d2f9926e317c5,225
12,엘리니아,model://a6eefd04-af2d-4506-a373-69b256b5cb74,마법 도서관,업그레이드,150,4,0,30,700,1,요정의 숲,"마법 계열 강화, 로얄 페어리 해금",스포아가 성장하며 소모,Upgrade,5c2ee39bfbcf4ef699b242e0fe23c447,225
13,엘리니아,model://16b1c8ed-eeaf-4982-a237-99796bbc2dac,엘리니아 마나 제단,테크,200,12,0,40,800,1,"마법 도서관,헤네시스 무기점",서전아이 진화 및 복합 상태이상 해금,스포아가 성장하며 소모,Tech,02742d299e7a459b93e4cd68e286d10d,250
14,커닝시티,model://2057749e-27a5-47bf-a825-cd943226276a,커닝시티 전초지,지역 거점,110,0,4,20,450,0,"""페리온 채석장|요정의 숲""",커닝시티 건물 건설 가능 영역 생성,스포아가 성장하며 소모,District,5105f0c396a74089bf3c9c225f803f0e,250
15,커닝시티,model://640d2bd6-387f-4873-89b1-be54122b44ab,커닝시티 지하철,생산,200,12,0,40,800,1,커닝시티 전초지,"주니어 레이스, 스티치 생산",스포아가 성장하며 소모,Production,232f45b6a2854d44b15525f087a9c6d1,225
16,커닝시티,model://2114d404-3819-4880-b1a7-3df1d16258ef,다크로드의 은신처,업그레이드,170,4,0,35,700,1,"커닝시티 지하철,요정의 숲","공중 강화, 레이스 진화 및 셰이드 해금",스포아가 성장하며 소모,Upgrade,5cd33e15cc574211bd3ebd74cb0467c2,225
17,공통,model://a7af6b4a-b96c-4acf-8fc8-21a3cf9131e8,전직관의 집,전직,150,0,0,30,700,1,헤네시스 사냥터,"영웅 2~5차 전직 연구(W·E·R·T 해금), 교관 주먹펴고 일어서·하인즈·헬레나·다크로드·카이린",스포아가 성장하며 소모,JobAdvance,f3304712cae8440397c81b5fbc5eca47,225
