id,Line,Model,Name,category,Meso,Arda,Population,BuildTime,HP,defense,BuildCondition,Function,BuildStyle,BuildingKey,Ruid,ImageFile,vision
1,에레브,model://8f99463d-f726-4def-89d1-034013d3e002,신수,본진,100,0,10,18,1500,1,없음,"티노 생산, 자원 반납, 주변 건설 가능 영역 및 인구 제공; 파괴 시 범위 내 건물 기능 정지",티노가 소환 시작 후 이동 가능,HQ,5194c83afd6e4237a256cd924a72a8da,에레브/신수.png,300
2,에레브,model://8d8ac74b-55cd-4c95-b467-9692cffb3a17,기사단 병영,생산,150,0,0,32,900,1,신수,"""정식기사 E·C·D·B 생산""",티노가 소환 시작 후 이동 가능,Production,71c3826c8c1f4e82b0f8915f108d8da1,에레브/지상일반 생성건물.png,225
3,에레브,model://10d0f82d-e615-43b6-8352-704f1f443536,기사단 훈련소,업그레이드,150,0,0,30,750,1,기사단 병영,"정식기사 공격·방어 및 패시브 강화, 정식기사A 해금",티노가 소환 시작 후 이동 가능,Upgrade,2ded0d1913e24ed59a63ee6f0e7c6c67,에레브/지상일반 업그레이드 건물.png,225
4,에레브,model://cee0f54e-8bb0-4ee0-a2c3-b73ba97aac01,기사단 전략실,테크,180,0,0,35,750,1,기사단 병영,골렘의 사원과 상급기사 진화 해금,티노가 소환 시작 후 이동 가능,Tech,67e58346c99a4df993df5cabb32531d3,에레브/조건 건물1.png,250
5,에레브,model://602657ca-f980-4be2-a738-fbb816edbb4b,골렘의 사원,생산,220,15,0,42,950,2,기사단 전략실,"에인션트 골렘, 다크골렘, 믹스골렘 생산",티노가 소환 시작 후 이동 가능,Production,81150048f5014b3c8924c7f39ffe4e06,에레브/지상정예 생성건물.png,225
6,에레브,model://27b4d233-bcf8-4b6c-8a13-76b0c54c6cb9,기사단 사령부,업그레이드,200,8,0,38,800,1,골렘의 사원,"골렘 강화, 정식기사→상급기사 진화 연구",티노가 소환 시작 후 이동 가능,Upgrade,bacf91ae905b4ad2944196338fe55ba9,에레브/지상정예 업그레이드 건물.png,225
7,에레브,model://16556862-26e6-4d3e-8534-bbf19ec30459,정령의 제단,생산,200,12,0,40,900,1,골렘의 사원,"소울, 플레임, 스톰, 다크니스, 라이트닝 생산",티노가 소환 시작 후 이동 가능,Production,c6417886bc4340fdbbba3f0a3a1acbe3,에레브/공중유닛 생성건물.png,225
8,에레브,model://56ab023a-ed3b-472c-9f10-2a71315c12fa,정령의 성소,업그레이드,180,15,0,35,750,1,정령의 제단,정령 공격·방어 강화,티노가 소환 시작 후 이동 가능,Upgrade,b07a6ed1e8074185842b8f562a4dfcec,에레브/공중유닛 업그레이드 건물.png,225
9,에레브,model://4f264a74-2bdf-4c7c-aa4b-b29c97b268da,여제의 서재,최종 테크,250,15,0,50,900,2,"기사단 사령부,정령의 성소",상급기사A 및 이프리트 해금,티노가 소환 시작 후 이동 가능,FinalTech,3101c4422c29472e9730a38eef6bbee0,에레브/조건 건물2.png,250
10,에레브,model://3b8819e1-4d7c-4dec-a435-dc380e0c4d26,신수의 가호,영역,70,0,8,10,400,1,신수,"""주변 일정 범위 내에서 건물을 지을 수 있는 건설 가능 영역 제공(신수와 함께 영역 확장)""",티노가 소환 시작 후 이동 가능,Territory,fcd6806a3ded41c2874e721f270e003d,,250
11,에레브,model://b8803e90-6017-4684-a2f1-bc748ba47594,기사단장의 수련장,전직,150,0,0,30,700,1,기사단 병영,"영웅 2~5차 전직 연구(W·E·R·T 해금), 교관 미하일·오즈·이카르트·호크아이·이리나",티노가 소환 시작 후 이동 가능,JobAdvance,c92ef589160a4a9abfa1c5ba2b49b995,,225
