id,Line,Model,role,Meso,Arda,papulation,time,HP,defense,damage,Cooltime,MoveSpeed,Target,AttackRange,vision,RoleKey,AbilityValue,AbilityDuration,IsAerial,Ruid,IsStealth
1,worker,model://6f90d763-48f8-40e9-ae0d-e2eceed2e27a,일꾼,50,0,1,12,60,0,5,1.5,3.333,0,40,220,Worker,2,0,0,3c7cd73f636a446686b3cd283c17f51e,0
2,헤네시스,model://7c96cd25-f857-4b7c-90d0-524081b69cb7,근접 기본병,40,0,1,10,70,0,8,1.2,4,0,50,200,MeleeBasic,0,0,0,5bc23e62017644e08e6f884b57448530,0
3,헤네시스,model://df0ea036-28a9-4ac4-95fc-8c1036dad19b,근접 물량병,50,0,0.5,8,55,0,7,1.5,4.667,0,50,200,MeleeSwarm,2,0,0,2d0b7a852b684e1eb304e38d8e7d8b71,0
4,헤네시스,model://5789e3a6-b751-4dda-a18f-f6fa981ef88c,원거리 기본,60,2,1,14,65,0,9,0.9,3.333,2,180,240,RangedBasic,0,0,0,f86d68eafb734ef5a061ea1fe41f8178,0
5,헤네시스,model://fdd566d9-5c67-47d3-b370-7d3486c72a29,원거리 힐러,75,2,1,18,60,0,0,0.8,3.333,0,160,240,RangedHealer,10,0,0,ea3a42638dbb4303bbd0aafaedf1de3b,0
6,헤네시스,model://13604413-7217-43cf-a18f-f8707a262755,근거리 광역,130,4,2,26,120,1,12,0.7,2.667,0,90,220,MeleeAoe,0,0,0,a7dbe42f5aa541a5afc79d5b09d06f26,0
7,헤네시스,model://cdf51f75-2a8f-40ba-856e-82e1a52cabc2,근접 탱커,90,2,2,20,160,3,8,0.8,2.667,0,50,200,MeleeTank,0,0,0,8c741a9382e34335a5e5d07b16702e26,0
8,페리온,model://2ec68573-04f9-41a1-b44d-9c21a5fbc63d,돌격 기본,100,0,2,18,130,1,13,1,4.667,0,50,220,AssaultBasic,1.5,0,0,1bb9bf60235245a88d07d25a14c6d39c,0
9,페리온,model://7cc8b114-9a0f-4e05-853a-12b170dac381,정예 돌격,180,6,3,30,300,3,20,0.9,4,0,50,220,EliteAssault,0,0,0,006030a0fa1c41d3adc23ad7c9d5ca00,0
10,페리온,model://0e69b1af-f693-44a5-9e9e-682037a7cd01,정예 방어,160,4,3,28,280,4,14,0.8,3.333,0,50,220,EliteGuard,0,0,0,b723c56f5da642a6b6fb455c9a00cc80,0
11,페리온,model://5d8fa555-2231-4053-8aec-a4900073720e,화염 돌격,200,8,4,34,340,2,22,0.9,4,0,55,220,FireAssault,0.3,0,0,7c09049b915d49d5b73c48df4f2666b1,0
12,엘리니아,model://8bf48368-fc22-46dd-81cd-54fdc1eb6338,원거리 마법,70,2,1,15,70,0,10,0.9,3.333,2,190,260,RangedMage,0,0,0,717d0dc8989c48ecb189ac601e396ac1,0
13,엘리니아,model://3c8daabf-dafe-4ab7-b52a-8e7b86e53f89,원거리 지원,110,4,2,22,90,0,8,0.8,2.667,2,200,260,RangedSupport,0.1,0,0,c8b1f8ebc0ec4c3d94c18711462aa855,0
14,엘리니아,model://0eadd282-0304-448f-a642-f1da23f8019a,원거리 독,80,2,1,16,85,0,11,0.9,2.667,2,200,260,RangedPoison,2,5,0,d487429779b549ff8730ff0906fe4bb2,0
15,엘리니아,model://98fa5ee9-7f71-4663-a527-885f9ba77682,원거리 냉기,100,4,2,20,95,0,12,0.9,2.667,2,200,260,RangedFrost,0.3,3,0,e808a7968ad345d8a51c76cbd22a62c9,0
16,엘리니아,model://22ec18a9-f875-42d1-82c0-05d18cc69707,원거리 저주,100,4,2,20,95,0,12,0.9,2.667,2,200,260,RangedCurse,0.2,3,0,f2e301b8087e4ed798c157c5c1218493,0
17,엘리니아,model://69c99465-e47c-481d-ac35-1ea4c1cdb937,정예 상태이상,150,8,3,30,130,1,16,0.9,2.667,2,220,280,EliteAfflictor,0,0,0,708d7b4ab2c24bc6b23527e052221369,0
18,커닝시티,model://3347e77b-cd13-4449-b8a2-73f79dae29c8,공중 기본,80,4,1,18,80,0,8,1.1,4.667,2,50,260,AerialBasic,0,0,1,f460ed35928a4160a0cd253a467f4238,0
19,커닝시티,model://36591e1f-44af-4a14-b7dd-022d3ef5f8c0,공중 기동,100,8,2,22,105,0,9,1.3,5.333,2,50,300,AerialScout,0,0,1,a2927e5a15b74ffdab86f728a580a9f9,0
20,커닝시티,model://70609a37-5341-48d7-99f3-be5f254e4720,공중 상위,140,12,3,28,140,1,14,1,4.667,2,170,280,AerialElite,0,0,1,30139d01e5734865ba5c8c34bfbfafc4,0
21,커닝시티,model://8661fd62-54fc-469e-8898-ce79b72ae2c6,공중 은신,160,10,3,32,120,1,16,1.1,4.667,2,60,280,AerialStealth,0,0,1,65f16b85326941a8b2bc15020359a36c,1
