heroId,hero,skill,useSound,loopSound,endSound,hitSound,icon,note
dark_knight,다크나이트,Q,be94be8751054cc4b0e45c0ea1833ff3,,,be94be8751054cc4b0e45c0ea1833ff3,cc1b0a06fbd347e8aff6c1677ffc2193,
dark_knight,다크나이트,W,232056d88be8495f9f1f30fd2b58dff1,d0ed3dd94e234a02bb36cb484f836ecf,8f035fc62a664264a67744fdb2078209,24ba902c2b7d41209bd7ccf6f59aaaed,573617f858c14e7283f7f285b9c63f5a,
dark_knight,다크나이트,E,0ba58fe8a71b4cd2b5063fa598eab5a3,,,168e2ba5d21644ceaeb5a7dadf106348,c5f69bbd7a5c492ab1d6d4b4e5d36e75,
dark_knight,다크나이트,R,f9c8dd4041b943728b8556bc1302797e,,,6313ad64a5854e20ab6e0e369e1c2c56,a9ccbe45ce444aa58ed467fe359abc13,
dark_knight,다크나이트,T,4f7c81d4e8164f479bf694c879ec74d9,950234be7d9f44bd9091ab6000832f89,,341c155ebff04edf9b4c9fd29b015a6b,1920afe21d744fe2b24b51df65c57124,
bishop,비숍,Q,9af8818422a04d12877fb9e1c30573a8,,,d21f05522bef4ffeae3045d7cdbafafe,dddee74fb15342c5abe13dfa2d83c3fa,
bishop,비숍,W,4f8073ce24dd4119a25439539240e66b,,,48a1361b6d0f4aedbbbdaf0226e496c8,72f846bf30e14bc79c70af8719e2b5d0,auto:use/hit/icon
bishop,비숍,E,541157a5688c4eaabd442882716500a6,,,c66987d6150a4f88ba8fc7f17dda7191,00f9d31d3f0e4c63a7065ba95d86b968,code:use auto:hit/icon
bishop,비숍,R,6f972ab4e14841398281f3fc2a8f376e,,,8cd6dfacc24f4f0cb6ad14fe547c8668,187b564cb8dc429f9c35bffeeca875c5,code:use auto:hit/icon
bishop,비숍,T,6f972ab4e14841398281f3fc2a8f376e,,,7090b1d9a64a49dbab15776fc70cae97,06a774f4e4ae4953a0fa85e6cdd5fed3,code:use auto:hit/icon
bowmaster,보우마스터,Q,def438f86be84c119eb9dd526254f19c,,,b4c345306d4948f1a0b8cc787fd57bef,f62b353e3f704eb097e427b7fc97980e,code:use
bowmaster,보우마스터,W,211913a314524fd0a2d26e736aa6d72e,,,224d63debe184c4ba8032cec6fa7c4d7,5dc96ca0e6674dc1b301965cfed9f168,auto:use/hit/icon
bowmaster,보우마스터,E,1f616220d57b46f1bc84e176117ebcb4,,,0dd2fd3c85a5404885514af62608a70b,9737d15aa69e438fb6ef7a60b7224294,code:use/hit auto:icon
bowmaster,보우마스터,R,1e1277a1cbce48a3aeb5297b9ca95b01,,,00ebddf8e7bb4b5c8a620afc4a9787a0,145cbeb76e6049a8872e0f1f7e94411c,code:use/hit auto:icon
bowmaster,보우마스터,T,72f38c79a086471392f827ae911cfd08,,,fc26c7048fb1466a8b6bfdb260e4c07d,f946ce52263641b691812e4de3a372d3,auto:use/hit/icon
night_lord,나이트로드,Q,879c81c8fc274aea87dc673de48ab5d1,,,ca4c49b20de341d4bb9dea4c1c9c68fc,1a1e9d6831e64cfa896caeb7f6da5091,auto:use/hit/icon
night_lord,나이트로드,W,c035353e466c4b0ca949fc39e10b2eaf,,,5b472e4debd945f3800189d1e02de2a7,1cea546dd9f049c9b7fa7927d2985c21,auto:use/hit/icon
night_lord,나이트로드,E,fa83bfb724964467910feda763f4bf36,,,81950e7f78a3483d8176eecf8d00b029,ce1ae2584d65477bac804384c785138f,auto:use/hit/icon
night_lord,나이트로드,R,105d24bbc2564fd19c001db3969d637b,,,af0352fbc95545969e6196fb3a8768ac,0ac842e69f7a4bb48f0fbba14141e702,auto:use/hit/icon
night_lord,나이트로드,T,471f79441701429fb8ed57bbfb84b604,,,868d43265553459b9b95db54adc792c2,05cc8b50647743038b09f638efd2a5e4,auto:use/hit/icon
captain,캡틴,Q,453099d2eb424f14aebdd58cbaae4050,,,884220c8e5484052b7b32d8d0875a5ba,4a7112b4828948b78331622e80cebc61,auto:use/hit/icon
captain,캡틴,W,41faa6bbe02c4a3f8dc8a09ed0a352ce,,,55e84010555b4d06a409f048faae8043,561338940732419c99ab9e1b00384675,auto:use/hit/icon
captain,캡틴,E,7062d2acedbe4bab8310bce791ed62ae,,,544484e7fafc42fcaba9530318f8a970,63e3f7c7f580488cb30e49f9ce576674,auto:use/hit/icon
captain,캡틴,R,afed106592164af18aec37352a6e6c41,,,71dbd96d8eeb4bdfac5bb90e30c64b5d,72043d80290f4ad2a7ca48744f982dd3,auto:use/hit/icon
captain,캡틴,T,0d552c38689140e7a36179bcef7f639e,,,cf0729b96bea4b8893555ae69b6d0768,550e092bfca944998da12c46dd15ac80,auto:use/hit/icon
soul_master,소울마스터,Q,4ade2b2841584af6bb2cdd55491cb4f9,,,5ff81e348b9547bea7998b339c21f289,80870f51ccaa44b48deb7db2ca3d33c6,auto:use/hit/icon
soul_master,소울마스터,W,cc5cc60a8e3149a2bd8a603367dc1742,,,70e15871b5bb408a88671242ecaea102,38b7c77c4ec24668864417299764580b,auto:use/hit/icon
soul_master,소울마스터,E,6046095db6a24eaab07d268f7d3040c2,,,ca47b4c23ff5466b933e630e923a2e87,6921a60888ea4f46b505690f97d3f068,auto:use/hit/icon
soul_master,소울마스터,R,900236097c514047914231df2adb3a04,,,a0e611c71422484cb5fb5c5ce62ea0a4,046e5f6594c84fefba978ddd9120ec98,auto:use/hit/icon
soul_master,소울마스터,T,ed518c377700453cbe07053ba8fa7261,,,d9bf6ec421a04ae9ac55224f55469e41,0f991e76b80f415699cd4bd0a7bce7ac,auto:use/hit/icon
flame_wizard,플레임위자드,Q,9012a79a98a04c95ae149cb3b76fa4af,,,cfc79b218d0d4b30be3b51273c77cafc,1b46d1cef87d4fca99db6e37466ca891,auto:use/hit/icon
flame_wizard,플레임위자드,W,dd1de8d65caf4d35bc54fcd4729f010d,,,22d2fa678c7f425b9d953b11b842d994,6debdded27a04bf0b2d7821be4edc87f,auto:use/hit/icon
flame_wizard,플레임위자드,E,4b2be8742dba4cacbf2cdf703d973006,,,3b85ab2d44ef4f63b2fc704e77261e6b,0fba5e3a5283476f8f85d82c132f1f4d,auto:use/hit/icon
flame_wizard,플레임위자드,R,81e23153c7d34941b9a2d5e1a3d44293,,,4597078899f949d3beafe710b2fe7151,4827acb8008c4b7689c146483462395e,auto:use/hit/icon
flame_wizard,플레임위자드,T,c047a0a379fe442ab482e6a347a1de66,,,256f52e6a4bf4c4896f0d66b319b196c,27bf8cb41be241e9b1368e9df55956c1,auto:use/hit/icon
night_walker,나이트워커,Q,ef53c9d0ce3e4b86a89f853d45e605e2,,,5673903497a64ca1b9829eecad70592d,2c1786f6d0924b76b15389cc089c047d,auto:use/hit/icon
night_walker,나이트워커,W,4b0316bcafb84cd89815ea909037bd17,,,ca34ae178ab54fe1a91278752e7d80b0,0807bdcf057f40b5acd8b4491e86fa84,auto:use/hit/icon
night_walker,나이트워커,E,3cc6e9d3ad6b41fbbe2a6ab17b364b94,,,cac34f61865b43abb6808a9293d855c4,736b2e532fc4425aad1de5c92208d4b1,auto:use/hit/icon
night_walker,나이트워커,R,60086c2ff1b947769da807595d16b1a0,,,d58551827b3c4870945292e849cd1680,28660afd4b2849fcbb5e1b0f91ad4b2a,auto:use/hit/icon
night_walker,나이트워커,T,bb4869d1a0c144b0847c2782ee56a58f,,,7f82057f3ded4f03935a79f1650afde7,3b2b37d9ae2d45479af186c68f04328b,auto:use/hit/icon
striker,스트라이커,Q,50179b0c40684dfda61e630e51b38373,,,18278b0015904d168d2532810d11db2e,7f982776cf7d4dc0869f0e7f7225199b,auto:use/hit/icon
striker,스트라이커,W,1d7ba58139534b87856f7fa89929e1c6,,,a4f5b20024ff4c7f9d3ff54cb7211c45,4476869a92dc4ac3a5f9968a68cd1b52,auto:use/hit/icon
striker,스트라이커,E,327189eebb5b4391a79371dd19e15107,,,635a114613ad45a2b746f8e4873c0f04,061e0a38fc9649c88172267d5b82cbbf,auto:use/hit/icon
striker,스트라이커,R,9723220a2b39408297b46f00dadb0cc4,,,a70d9a2beecb49cbbf7e773fc6eca761,ad46d1782dc4486fbcfdaf65c6965a76,auto:use/hit/icon
striker,스트라이커,T,99e90c076dba4ba79c618cade2699ab6,,,2867a70b8e684798a7221bfb1dceec0a,acda0b209683469fb11c3b39ff1d863c,auto:use/hit/icon
wind_breaker,윈드브레이커,Q,8556bff9c68748a08f706799c5d789e6,,,892a8a10ff00441cac37c0f6495cdc4b,bccf51f84e8d45968c9f12e137fa6864,auto:use/hit/icon
wind_breaker,윈드브레이커,W,61be7ceb2003432f94f23c8c6c7cd061,,,90f0479557b149669c6af261c71ee671,26ba74e65964425498665f1dff99060c,auto:use/hit auto:icon
wind_breaker,윈드브레이커,E,37a4b8108c5846e3b7acd9c700bf0648,,,57c8be8a0b92469ca00e790af771e1a6,309a528702c84ddaaa93714fa54ea951,auto:use/hit/icon
wind_breaker,윈드브레이커,R,a6f173c0a6a64b35981dfc09241c6357,,,383bed8abbf44a20a4a28f4fdf13db89,a0227d1833fb47959fe28d24a515c1ba,auto:use/hit/icon
wind_breaker,윈드브레이커,T,5714e27c22f549218cf30c59d8d1ba2d,,,365f894435ec42839c524e1c6e02b42b,1b76d306c4664b21bb517cb0a0cb7779,auto:use/hit/icon
mechanic,메카닉,Q,b5868431bf994530b5d78db1d0055f07,,,a174cdb1da6943f2969afea87af088b5,253745e9998147f3a9d2ad472eb39d25,auto:use/hit/icon
mechanic,메카닉,W,21a050866ccb4e95a2e9d9cb7af70ba8,,,50dfc1e7117e458f9532b17778166cdc,e13e91d73c3340bdb6333ad2294bdadc,auto:use/hit/icon
mechanic,메카닉,E,f080aaca7b6043d999eb1d1545363048,,,632aeff947a54ad8a00e71ad302bf1ca,3f4cfda2264148aca42420a046d2050e,auto:use/hit auto:icon
mechanic,메카닉,R,9c64b3bbbfab42ba973d0c98ce435649,,,48a9dd743e4e4a9cbdc0112f08eb5a55,30545a77fced4eaebd858478fd8ad58e,auto:use/hit/icon
mechanic,메카닉,T,49835d67d3e0405c9e556d656e37196b,,,851a8ffd040c4ccf97eb4f69f015023a,6b276e62998b4d06963c884fbf680aa0,auto:use/hit/icon
wild_hunter,와일드헌터,Q,956ddfb53d7845ce972acab3e51b05e1,,,eb49560ca2a84e0585e0e83cd61c9dc6,90cdfc81bd4a4729aead3738001fb1bd,auto:use/hit/icon
wild_hunter,와일드헌터,W,c22aa4ef966644f2848acc1effd57dbb,,,eb0b86e533f7420a8e97cb7b97c745f3,8c32f4d5aa0b4bfebf58939e7d6442bc,auto:use/icon auto:hit
wild_hunter,와일드헌터,E,6a4108a3d97b470590f4020adf85272f,,,e01294d012d247c1a5bc07949484778b,0f04ea0af11341a5b50fd27e73d173cd,auto:use/icon auto:hit
wild_hunter,와일드헌터,R,0f69607494414039ac46c88cbe78039d,,,f07d1b02691243f1af683feaa402dea2,ac84cbfca19047bb940b3aa2979bd14c,auto:use/icon auto:hit
wild_hunter,와일드헌터,T,559148fb4e984dabaa2620876e8286d8,,,e657afb52ba14bd38fe31b948275cc23,32991cd644704782aac687ecb2c7eed3,auto:use/icon auto:hit
battle_mage,배틀메이지,Q,fe098b3385be45efbe0c6bd22896bd26,,,f44265c8df0c4a71b9fb1ea268e23d77,86f5c99f3519473e93479be976763ca8,auto:hit
battle_mage,배틀메이지,W,61b6489a684b42b3bd22a11cf48148aa,,,c00ab688291e4f0a858f27c53e49ad65,1ac293ae7a0e401c99661814e634bf85,
battle_mage,배틀메이지,E,e1a2f311fd8346769ff7b1dfb410446f,,,bbb594798b8244bfa41e8f68ad932f77,215f5a0df5cc40c0a40fd944f4ebec04,auto:hit
battle_mage,배틀메이지,R,5b86f22f8beb4ae2990e14fb39a4dc66,,,868755745f2849b7a734c1788b8f6e76,7c933266ebbb47a7917a06e611b1535d,
battle_mage,배틀메이지,T,82ce70884c84440b889a6f61a4807804,,,d279e5a17ab24f2ba96eb7760d7d18b8,5c51c1b2dbb4401793dcabc31c851880,Death의 이펙트
xenon,제논,Q,c0ea1e3865f8484397fe1a7424822ccc,,,458edccf66b34a20ac1eefabaa83ffe7,b6872290277745d89c64abd02a619c68,auto:use/hit auto:icon(에너지 스플라인)
xenon,제논,W,cb77f4edcde241c883be6908f1ae9151,,,6edc447bf19f4b2eaa0171062178e6c8,5957e97f091045a8aa5f8b0cd8ee4595,auto:use/hit auto:icon(컴뱃 스위칭 격추)
xenon,제논,E,44c1681d39fd44d3af9ad28bd0c18e9b,,,482cdc0d454344788eff98181de22322,4cefa80a9c694477b6d7abd1e54970ba,auto:use/hit auto:icon(퍼지롭 매스커레이드 포격)
xenon,제논,R,5f1f92dce5cf4fd7855affee1c500723,,,e8bf46f255394eac8d542608a58fe8e8,435776f50fe54d38bd0d9a41f48f7cae,auto:use/hit auto:icon(멜트다운 익스플로젼)
xenon,제논,T,bc0df8f4524244b6903d2abcac017618,,,c687c944580f40d4abc509e90d78391c,3eebb7ac14a6447b93b8967567c0c10e,auto:use/hit auto:icon(메가 스매셔)
blaster,블래스터,Q,86a85117f5654469998322cf085af424,,,5831864a2c9c4c5db8a6e71acf891141,c74edb3236e643f6a714d88ffa592b19,auto:use/hit/icon
blaster,블래스터,W,2dd6439dbe174b50961410ff5a6ea3ef,,,c03d3ff5f7ec40819e78f8c7ef7a44eb,1ec7f661e5f84de19744fb30b11739ca,auto:use/hit/icon
blaster,블래스터,E,b4afae2179794ff996220b6aa7129677,,,e388faa67cca4f93aae16ab82d523cfe,888c8410d6bf49688eaa231c54dffa41,auto:use/hit/icon
blaster,블래스터,R,41fecefe6b084c73ab1e666394182d21,,,cd823ad659384dc39427fe9ecfcf4b05,4aaeae1c08384f61bb81860e79d3967f,auto:use/hit/icon
blaster,블래스터,T,6eb7cb18fd2143d38741c64aba7c346b,,,9f3fc76312ef43e0b534e9bc197c4cac,0a1378dd489f466c86c015b37720b5a9,auto:use/hit/icon
