camp,model,name,role,mob_pack,cry,cry_src,attack,attack_src,hit,hit_src,die,die_src
모험가,Adv_(스포아),스포아,일꾼,mob/0120100.img,71de739633864995b6a11bd34ec5382f,유사,276181a4d3ab47bf8e864fc6c916d07e,유사,30401595b3734c6e9d00ddd299d2a459,원본,8fb5827f7c0b48c29d9dace900d7fe75,원본
모험가,Adv_(주황버섯),주황버섯,근접 기본병,mob/9010026.img,646f385ac9a849ebbaef096e925dff8f,유사,435450e51a17423d88d0bbc24d74d8e1,유사,0f0273a7f31d497c8625054f14acdf64,원본,d18f9a805846411db3b6fbcea0afc3ff,원본
모험가,Adv_(초록버섯),초록버섯,근접 물량병,mob/1110100.img,39ec7b2700bf41d898d75e56db451d66,유사,70cbe9c5803b4b029d97fb9fd3162f8c,원본,0909185a3a4245e184e9f33d6fd4d718,원본,9d6373709f0e413aa563464c7be583e5,원본
모험가,Adv_(뿔버섯),뿔버섯,원거리 기본,mob/2110200.img,7b78e22712d942379722a143a65686c3,유사,8f3a422cb5f94a3c814040455a95c45f,유사,876c6bd9ed0a4606a184ff1c9ade7049,원본,de99395544a84b3095e60e7e020c05d3,원본
모험가,Adv_(파란버섯),파란버섯,원거리 힐러,mob/2220100.img,de530e2743cc45ada65f06ede376fa7a,유사,3102862ce9774afabab34a26a731ad7f,유사,869aea67272b44b7a2b12e9249432f87,원본,6783b7baa93d49eba29b4d56332f0a7f,원본
모험가,Adv_(버섯 샹들리에),버섯 샹들리에,근거리 광역,mob/3300100.img,7b6999fe15024d508898be7105a88e56,유사,36c773b1e4924948baa5fea21b2d51e5,원본,ccb582524dfe41cca177b25937b7e675,원본,4e6f72baeb654faa8aab5416114ac4e1,원본
모험가,Adv_(갑옷버섯),갑옷버섯,근접 탱커,mob/3300101.img,3d4a41de581347d9aae7e292a47b3dc4,유사,478a5d200371451f8b246b54145a9654,원본,7a996689ee694649989a0720f2e0230c,원본,2d95d39634d64399820e5efb1e6fe621,원본
모험가,Adv_(와일드보어),와일드보어,돌격 기본,mob/2230102.img,6909053b6e1f41e2b7846eb97fe74a26,유사,5be3859e6b414fd0a70213c3ecab27f5,유사,99a644b128b347e892a23011eca61cde,원본,d0dc707313934804b4c2c50942154382,원본
모험가,Adv_(아이언호그),아이언호그,정예 돌격,mob/4090000.img,94ba4f6cf58a4d82ab5bfd3d949ec53e,유사,f30410c2423a47fda18918e9a55cd5c8,유사,b5794d2885614ef4bc482ea6ea1ee75b,원본,f2dfb743f9f84037a74c904bc9ba34a0,원본
모험가,Adv_(아이언보어),아이언보어,정예 방어,mob/4230400.img,d27cbc4cd92f4c58b7f6fec5ff862b2f,유사,dc159f9272e34e8e961ebb7fcb61c3a6,유사,576159ab8c50436684aabce36a4ea8ff,원본,eaec67e7c7ea4f59a580476e170a614f,원본
모험가,Adv_(파이어보어),파이어보어,화염 돌격,mob/3210100.img,ac7fa2c8b2a54af8929365d5c63eddc9,유사,8bc1a123c7d24aa98ff518e4a8cffd07,유사,60993c4a0c30445f8f2664d6d1cd9d92,원본,099a5f1fb2314c3fb43e38115747e7c3,원본
모험가,Adv_(페어리),페어리,원거리 마법,mob/3000001.img,d9724d911bc34add8595befc5ff7b43c,유사,03997e0530c448d49486fabd8ebe3e19,유사,64efffa44609420ab59e4f0dd9a6d9ef,원본,d90855a724004b4f8a6f7a3753b90e8b,원본
모험가,Adv_(로얄페어리),로얄페어리,원거리 지원,mob/3000007.img,c48a70fddcbf41b580f1abd703d7ac8b,유사,9badb55f477840a295a3550e7e550a94,유사,e2bee88b9f8a4a4caca5287165424af3,원본,2078190a014e4509a2cc1ae4ee411c13,원본
모험가,Adv_(이블아이),이블아이,원거리 독,mob/2230100.img,a120d17d0b6e4a98be39397b2b29eb5b,유사,36fc9491e2244be5a0a375ead8390062,유사,ba58289ca17a4b469673f6be1adda40d,원본,1b56d2ac97464de7bbefa792366ec1e5,원본
모험가,Adv_(콜드아이),콜드아이,원거리 냉기,mob/4230100.img,38d42cb6f3624aacbe084e5146979a1a,유사,2151c37d1df940acb176aace7c748737,유사,8d2fe6cfaa48476abc57f2f6b570e02f,원본,cd02ae7dfd5d423cba5bd0d1a00e6cb5,빌림(커즈아이)
모험가,Adv_(커즈아이),커즈아이,원거리 저주,mob/3230100.img,aa4a721d320643c2a25af86342fdf8a7,유사,f9165961f1264db98c48fd4bb3bba0a7,유사,bd517ccd5d074dfa988b9615088c2d19,원본,cd02ae7dfd5d423cba5bd0d1a00e6cb5,원본
모험가,Adv_(서전아이),서전아이,정예 상태이상,mob/2230113.img,05497607145a47cba22c7f8e4c4318d6,유사,f92c98048c2e4e43810eea12aba6714a,유사,5b164a884dc74a20b4288233ec97d316,원본,47a46f3e2e8d44638f2d00eaf82b7fee,원본
모험가,Adv_(주니어레이스),주니어레이스,공중 기본,mob/3230101.img,483a3e45eb0c4a428a6bbaa0fec4f916,유사,6f170ac179254affb47ba9c478794be9,유사,5412c134c4e743e0bb20d5fad50157c1,원본,4e9c63a1a380426987dde38a099cd81e,원본
모험가,Adv_(스티치),스티지,공중 기동,mob/2300100.img,80f8969ff9d546a98a01fe30043466a6,유사,0885110220004c2ca4fcec27950db668,유사,69d7955129d74f939e28d24cefba58a7,원본,9571ec1cdf9c4fed9087cfdd98ac68bd,원본
모험가,Adv_(레이스),레이스,공중 상위,mob/4230102.img,c5e7cda1a16d417bac126f398c066eaf,유사,975eb7110fec4ec79525980fbc707b9a,유사,fa97b21bee354e1180b779c5ef0b3066,원본,4e9c63a1a380426987dde38a099cd81e,빌림(주니어레이스)
모험가,Adv_(셰이드),셰이드,공중 은신,mob/5090000.img,2ed336d3e5ab43f9891b42ba25a25cbd,유사,5bae51ff66374f2e93fa1cdd9f972f47,원본(Skill1),6762c57de4734dc2b29212e791cf18d6,원본,bf4559913d5c45eba58193efea89fc99,원본
시그너스,Cyg_(티노),티노,일꾼,mob/0100120.img,a0640dbd069d4d9e9122e50258610dba,유사,4a1a38e31d004f94a47cf4767cfe1afc,유사,be411b63084445b5825b3363ffc0e51f,원본,f4f0f6e1c99a41289e93d7735458078d,원본
시그너스,Cyg_(정식기사E),정식기사E,지상 근접,mob/8610009.img,cd5f48d71f1c4378a2613a2be380504a,유사,23e3e40485c04946ab87b927bdb56d6b,원본,64e5ce82aef84a6db34e0d8f0cf97959,원본,013d2a459e904ff18bf4dd76cb796ba4,빌림(상급기사E)
시그너스,Cyg_(정식기사C),정식기사C,지상 근접,mob/8610007.img,cd5f48d71f1c4378a2613a2be380504a,유사,735fb438686e41e1afeac850e236dacc,원본,891c58c787a642b49aed0bc2b6439043,원본,4826cab051f54d2ba641f42d874d43d1,원본
시그너스,Cyg_(정식기사D),정식기사D,지상·공중 원거리,mob/8610008.img,cd5f48d71f1c4378a2613a2be380504a,유사,10d6b793078c48bfaaec8a342d1847fe,원본,b036bf933e7d485aa31e599e41e0442a,원본,fd1d1d0f898d413aaa8f03b86200f050,원본
시그너스,Cyg_(정식기사B),정식기사B,지상·공중 원거리,mob/8610006.img,cd5f48d71f1c4378a2613a2be380504a,유사,6c9f43858b0148bc8fdce3ae8078d7eb,원본,64a108cf3a5b47968bf149eaa8515a2e,원본,205d7870f90b411d9523961e5912d021,원본
시그너스,Cyg_(정식기사A),정식기사A,지상 근접(은신),mob/8610005.img,cd5f48d71f1c4378a2613a2be380504a,유사,d83f74bb71444a8da0be1b5bb9811bbd,원본,d3fe011be948486b9b5f28817889ac0b,원본,4bb19251d34b4f94afa13aecdbd2b43f,원본
시그너스,Cyg_(상급기사E),상급기사E,정예 근접,mob/3645308.img,1483db35b2164d6e98ef07d961296956,유사,fb9f5eadba5444c090a85b87f5b53224,원본,8edde23d04904ed78972b3706028399a,원본,013d2a459e904ff18bf4dd76cb796ba4,원본
시그너스,Cyg_(상급기사C),상급기사C,정예 근접,mob/8610012.img,1483db35b2164d6e98ef07d961296956,유사,acc2724a7b3147cd95cd471e59b0c2b1,원본,bc52e9c356714c5d938ec534ff32c980,원본,54df2a6bdd9e4a97a57d6388c622c61b,원본
시그너스,Cyg_(상급기사D),상급기사D,정예 원거리,mob/8610013.img,1483db35b2164d6e98ef07d961296956,유사,d8b8c0167ef841bdaac679d226e0d845,원본,71970e7a7f0e44ef9ac8a2b62a0d3eb4,원본,3cba43d4697541b2a620506b5ff5a0a6,원본
시그너스,Cyg_(상급기사B),상급기사B,정예 원거리,mob/8610011.img,7a96ba2e03754eb391b36e15b9180226,원본(Skill1 기합),f218f001165a4d6798235b5d06b3630d,원본,3f8488c23c9843e89fa0246bcd265dd4,원본,36b87ec5b9a74480b23491bb20787139,원본
시그너스,Cyg_(상급기사A),상급기사A,정예 은신,mob/8610010.img,1483db35b2164d6e98ef07d961296956,유사,1289f63d75bd4eb99b019ec4c2684f7a,원본,2805ca7fea3d448b97874adf99591d65,원본,74ebed57e8a940249b038529b0f100ce,원본
시그너스,Cyg_(에이션트_골렘),에인션트 골렘,대형 탱커,mob/8620009.img,0eadfe13df2b4a72b8e303633e7b02d2,유사,1f68e0931ad14ba89eac074204b48dd2,원본,41d3602734324bf886edc50642754445,원본,6e045982085e407aa55621db1238f022,빌림(다크골렘)
시그너스,Cyg_(에이션트_다크골렘),에인션트 다크골렘,대형 근접,mob/8620010.img,3139125ef89840eb9292357579e0106f,유사,369f290b1dea4b21bbf1c37883df168f,원본,d31c54d7c0ad4ce69b987fa2075fee49,원본,6e045982085e407aa55621db1238f022,원본
시그너스,Cyg_(에이션트_믹스골렘),에인션트 믹스골렘,대형 광역,mob/8620011.img,8a24e94aee1742308a6bf3faf87db144,유사,d71f5b6ebf6b4923945584ed45f66480,원본,a272ad540b854039bbe25ca60a04b19a,원본,db0d66a3e6f9409790ef82b398d038b5,원본
시그너스,Cyg_(소울),소울,공중 소형(빛),mob/8610000.img,2d3dca1711944658a087ed34a17fa0f3,유사,41a8b196ad864ae1844abdcdbbdd69fa,유사,ea4c0738762f4586804ab9a4ca4641b6,원본,fabfe6166fbf4c98852ea7b7172075c5,원본
시그너스,Cyg_(플레임),플레임,공중 소형(불),mob/8610001.img,b602decaf6b244a0a70e92ac2fdcd245,유사,73fa9fbd48594ea7a95a198349449eb7,유사,ea4c0738762f4586804ab9a4ca4641b6,빌림(소울),fabfe6166fbf4c98852ea7b7172075c5,빌림(소울)
시그너스,Cyg_(스톰),스톰,공중 소형(바람),mob/8610002.img,e0f0349f62e9468bb0abd5e660ec1bb9,유사,96273d1aa8a345538c30a80636c0a057,유사,ea4c0738762f4586804ab9a4ca4641b6,빌림(소울),fabfe6166fbf4c98852ea7b7172075c5,빌림(소울)
시그너스,Cyg_(다크니스),다크니스,공중 소형(어둠),mob/8610003.img,9fc0a82bbf62442daa37294f6d873f2b,유사,13c63fa45ad543c8889003b5b9bc7a63,유사,ea4c0738762f4586804ab9a4ca4641b6,빌림(소울),fabfe6166fbf4c98852ea7b7172075c5,빌림(소울)
시그너스,Cyg_(라이트닝),라이트닝,공중 소형(번개),mob/8610004.img,ccab853df4994caf9da5befde9d8d670,유사,3f7cd9658a8e477f8ca81fb91e629e73,유사,ea4c0738762f4586804ab9a4ca4641b6,빌림(소울),fabfe6166fbf4c98852ea7b7172075c5,빌림(소울)
시그너스,Cyg_(이프리트),이프리트,공중 대형,mob/8610015.img,3ee2bf09e4cd4072b90d6b48877efe76,유사,d769daa17e6c4e9eb78a57e5a02f80a9,원본,cf13ce9727aa448c97334e204036d3fa,원본,cef248e1dd694966aa222963781287b0,원본
에델슈타인,Res_(훈련로봇A),훈련로봇A,일꾼,mob/9300409.img,f64b70a8e7714a7682ab141796a1e188,유사,edabd0a93953457aa8ea69e834b1b105,유사,d69d022f99f64d2e96b587e7270340b5,원본,86a4d82f266b4c0ab3afd8b9423c7caf,원본
에델슈타인,Res_(AF형_안드로이드),AF형 안드로이드,원거리 기본,mob/8105003.img,e1b6e6ec22364a288947b51f98aa81e0,유사,41ed9f88eed848a293840439527712f4,원본,7d98e0f6720c4d5094c05fb7510aa21e,원본,1bca669016f14783836dd3f309e02dad,원본
에델슈타인,Res_(물도둑),물도둑,원거리 힐러,mob/2150000.img,117684d49dc74e6eb7ee50bb138c9ce0,유사,dd3c14025a4a4966bdbaaf744c2a2d6f,유사,ad97eaa598574916a09c32c0d32d2ec8,원본,d34ee0250ec4451f81532a87336d3b47,원본
에델슈타인,Res_(고장난_DF형_안드로이드),고장난 DF형 안드로이드,근거리 광역,mob/8105004.img,5ada95fab40e4d7d96f2a7c0acb938fb,유사,bd806472baf84b91b944f2333d5fe70f,원본,4b1a51a1bac546b083b67207b3601326,원본,0051059468114c51aaab30350b9ea1a8,원본
에델슈타인,Res_(카트베어),카트베어,기동 견제,mob/7150002.img,9ab2462ba22342a7abf84101d3fc7201,유사,7819369568314ef69705910f2bb8ccb4,원본,337672c5c34a4986a9cc98dec04447f0,원본,e1a30ab73f6c45ba9d95bcf65d0145dc,원본
에델슈타인,Res_(경비로봇),경비로봇,지상·공중 대응,mob/6150000.img,716fbe4c14af4f3cad4f315d6d86f84a,유사,a74d1652120942c9a5ca3afcdaedf33e,원본,b64e16c0c33644f694bb82f3e572b7be,원본,436c26759fc14163ac9f892898f7ec45,원본
에델슈타인,Res_(추적자_안드로이드_레드),추적자 안드로이드 레드,은신 저격,mob/8250003.img,e8a1988c9f2647a7aae760d13f3e91fb,유사,e134ca4d576045979d137cddb3dd876f,원본,7efcd98f3738430f9924799525843426,원본(Hit),b6d292f6190b461ba0a2234d2c2a70a0,원본
에델슈타인,Res_(방어시스템),방어 시스템,공성 포격,mob/8105001.img,dbace15714d04deeac5cc86269c7a5ba,유사,ba082f3d127247d0ba990612d34dced6,원본,1d847583a72f4f5a997b1ccfea723932,원본,0e4d692c531f4b8e8fc671412873381a,원본
에델슈타인,Res_(게오르크),게오르크,최종 병기,mob/8240067.img,2b0148ccb1f74f3bb023eebe82fb5557,유사,75e6d9b6866b419a811dcf8c3621e8f0,원본,8d88db2eba264f9f802e64bbe5e9ee49,원본,44b5bae43ee54e1f9a1d85df9526f367,원본
에델슈타인,Res_(순찰로봇),순찰로봇,수송선,mob/1150000.img,f40b8c6e0f954e328d27405b49724133,유사,,,645ed899d06e4dc3b5a9e924b9445746,원본,33f177c1f5d54bf8b589c6a9d0ab2650,원본
에델슈타인,Res_(훈련로봇0),훈련로봇0,공중 전투기,mob/9300412.img,73e7f49a33054e0d918a9566171b31da,유사,e4eeb402b9374355bb2483bf390bcd0f,유사,1622b7ed96a24108af7b9915d46e30ce,원본,b91b0b0ca7c74d56a24d0a8a5fb1a46e,원본
